weapon_item,weapon_item_definition
(category 1) arms ammunition and implements of war exclusively designed and intended for land sea and aerial warfare,No description
(category 2) arms and ammunition capable of use both for military and other purpose,No description
(category 3) vessels of war and their armament,No description
10.5 gun,No description
7.7 gun,No description
abm interceptor missile,"Interceptor missiles constructed and deployed for an ABM role, or of a type tested in an ABM mode that are operational, under construction, undergoing testing, undergoing overhaul, repair or conversion, or mothballed | No description | No description | Interceptor missile, as used in the First Agreed Statement of September 26, 1997, shall refer to any missile subject to the provisions of paragraph (a) of Article VI of the Treaty if such a missile: (a) has been developed by a Party as a missile to counter ballistic missiles other than strategic ballistic missiles; or (b) has been declared by a Party as a missile to counter ballistic missiles other than strategic ballistic missiles; or (c) has been tested by a Party even once with the use of a ballistic target missile."
abm interceptor missiles (destruction procedures only),No description | No description
abm lauchers (destruction procedures only),No description
abm launcher,"Launchers constructed and deployed for launching ABM interceptor missiles that are operational, under construction, undergoing testing, undergoing overhaul, repair or conversion, or mothballed | No description | No description"
abm radar,"Radars constructed and deployed for an ABM role, or of a type tested in an ABM mode that are operational, under construction, undergoing testing, undergoing overhaul, repair or conversion, or mothballed | No description | No description"
abm radar complexes (destruction procedures only),No description
abm radars (destruction procedures only),No description
aicrafts not intially constructed as bombers (8000 km+ range),No description
aicrafts other than airplanes (8000 km+ range),No description
air defense component,No description
air defense radar,No description
air force,No description
air-delivered incendiary weapon,No description
aircraft,"All military manned heavier than air and lighter than air craft, excluding space craft. | Aircraft means all military manned heavier than air and lighter than air craft, excluding space craft"
aircraft carrier,"An aircraft carrier is defined as a vessel of war with a displacement in excess of 10,000 tons (10,160 metric tons) standard displacement designed for the specific and exclusive purpose of carrying aircraft. It must be so constructed that aircraft can be launched therefrom and landed thereon, and not designed and constructed for carrying a more powerful armament than that allowed to it under Article IX or Article X as the case may be. | The expression aircraft carrier includes any surface vessel of war, whatever its displacement, designed for the specific and exclusive purpose of carrying aircraft and so constructed that aircraft can be launchedtherefrom and landed thereon. | Aircraft carriers are surface vessels of war, whatever their displacement, designed or adapted primarily for the purpose of carrying and operating aircraft at sea. The fitting of a landing on or flying off deck on any vessel of war, provided such vessel has not been designed or adapted primarily for the purpose of carrying and operating aircraft at sea, shall not cause any vessel so fitted to be classified in the category of aircraft carriers.The category of aircraft carriers is divided into two sub categories as follows:(a) Vessels fitted with a flight deck, from which aircraft can take off, or on which aircraft can land from the air;(b) Vessels not fitted with a flight deck as described in (a) above."
aircrafts (incl. their parts and engines),No description
ammunition,"Ammunition: the complete round or its components, including cartridge cases, primers, propellant powder, bullets, or projectiles that are used in any firearm."
ammunition and component,No description
ammunition of any nature (loaded or unloaded),No description
ammunition/munition,No description
anti-personel mines other than remotely delivered mine,No description
anti-personnel mine,"Anti personnel mine means a mine designed to be exploded by the presence, proximity or contact of a person and that will incapacitate, injure or kill one or more persons. Mines designed to be detonated by the presence, proximity or contact of a vehicle as opposed to a person, that are equipped with anti handling devices, are not considered anti personnel mines as a result of being so equipped. 2) Mine means a munition designed to be placed under, on or near the ground or other surface area and to be exploded by the presence, proximity or contact of a person or a vehicle."
armoured cars tanks and similiar construction,No description
armoured combat vehicle,"No description | The term armoured combat vehicle means a self propelled vehicle with armoured protection and cross country capability. Armoured combat vehicles include armoured personnel carriers, armoured infantry fighting vehicles and heavy armament combat vehicles. The term armoured personnel carrier means an armoured combat vehicle which is designed and equipped to transport a combat infantry squad and which, as a rule, is armed with an integral or organic weapon of less than 20 millimeters calibre. | No description"
arms of war,No description
artillery,"The term artillery means large calibre systems capable of engaging ground targets by delivering primarily indirect fire. Such artillery systems provide the essential indirect fire support to combined arms formations.Large calibre artillery systems are guns, howitzers, artillery pieces combining the characteristics of guns and howitzers, mortars and multiple launch rocket systems with a calibre of 100 millimeters and above. In addition, any future large calibre direct fire system which has a secondary effective indirect fire capability shall be counted against the artillery ceilings. | No description"
asbm,Any such missiles capable of a range in excess of 600 kilometers and installed in an aircraft or on its external mountings. | A ballistic missile with a range in excess of 600 kilometers that is installed in an aircraft or on its external mountings for the purpose of being launched from this aircraft.
asbms equipped with mirv,"ASBMs of the types which have been flight tested with MIRVs(ASBMs of the types which have been flight tested with two or more independently targetable reentry vehicles, regardless of whether or not they have also been flight tested with a single reentry vehicle or with multiple reentry vehicles which are not independently targetable). 2) Reentry vehicles are independently targetable: (b) if maneuvering and targeting of the reentry vehicles to separate aim points along trajectories which are unrelated to each other are accomplished by means of other devices which may be developed in the future. (a) if, after separation from the booster, maneuvering and targeting of the reentry vehicles to separate aim points along trajectories which are unrelated to each other are accomplished by means of devices which are installed in a self contained dispensing mechanism or on the reentry vehicles, and which are based on the use of electronic or other computers in combination with devices using jet engines, including rocket engines, or aerodynamic systems."
asphyxiating poisonous or other gases and all analogous liquid,No description
attack helicopter,"No description | The term attack helicopter means a combat helicopter equipped to employ anti amour, air to ground, or air to air guided weapons and equipped with an integrated fire control and aiming system for these weapons. The term attack helicopter comprises specialized attack helicopters and multi purpose attack helicopters. | No description"
automatic or semi-automatic rapid reload systems for abm launcher,No description
auxiliary cruisers and fleet auxiliarie,No description
bacteriological methods of warfare,No description
ballistic missile,A missile that is a weapon delivery vehicle that has a ballistic trajectory over most of its flight path. | No description | No description
ballistic missile flight test,No description
ballistic missile submarine,No description | No description
battle tank,"No description | Battle tank means a self propelled armoured fighting vehicle, capable of heavy firepower, primarily of a high muzzle velocity direct fire main gun necessary to engage armoured and other targets, with high cross country mobility, with a high level of self protection, and which is not designed and equipped primarily to transport combat troops. Such armoured vehicles serve as the principal weapon system of ground force tank and other armoured formations. Battle tanks are tracked armoured fighting vehicles which weigh at least 16.5 metric tonnes unladen weight and which are armed with a 360 degree traverse gun of at least 75 millimeters calibre. In addition, any wheeled armoured fighting vehicles entering into service which meet all the other criteria stated above shall also be deemed battle tanks. | No description"
battleship,No description
biological weapon,No description
booby trap,"Any device or material which is designed, constructed or adapted to kill or injure and which functions unexpectedly when a person disturbs or approaches an apparently harmless object or performs an apparently safe act. | Any device or material which is designed, constructed, or adapt ed to kill or injure, and which functions unexpectedly when a person disturbs or approaches an apparently harmless object or performs an apparently safe act."
capital ship,"A capital ship, in the case of ships hereafter built, is defined as a vessel of war, not an aircraft carrier, whose displacement exceeds 10,000 tons (10,160 metric tons) standard displacement, or which carries a gun with a calibre exceeding 8 inches (203 millimetres). | A capital ship, in the case of ships hereafter built, is defined as a vessel of war, not an aircraft carrier,whose displacement exceeds 10,000 tons (10,160 metric tons) standard displacement, or which carries a gun with a calibre exceeding 8 inches (203 millimetres)."
capital ships a,"Capital ships are surface vessels of war belonging to one of the two following sub categories:(a) Surface vessels of war, other than aircraft carriers, auxiliary vessels, or capital ships of sub category (b), the standard displacement of which exceeds 10,000 tons (10,160 metric tons) or which carry a gun with a calibre exceeding 8 in. (203 mm.)."
capital ships b,"Capital ships are surface vessels of war belonging to one of the two following sub categories:(b) Surface vessels of war, other than aircraft carriers, the standard displacement of which does not exceed 8,000 tons (8,128 metric tons) and which carry a gun with a calibre exceeding 8 in. (203 mm.)."
carbine,No description
category iv(aircrafts and aircrafts compenents),No description
category v(gunpowder and explosives other),No description
certain booby trap,No description
chemical weapon,"Chemical Weapons means the following, together or separately:(a) Toxic chemicals and their precursors, except where intended for purposes not prohibited under this Convention, as long as the types and quantities are consistent with such purposes;(b) Munitions and devices, specifically designed to cause death or other harm through the toxic properties of those toxic chemicals specified in subparagraph(a), which would be released as a result of the employment of such munitions and devices;(c) Any equipment specifically designed for use directly in connection with the employment of munitions and devices specified in subparagraph (b). | No description | No description | No description"
chemical weapons munitions devices and container,No description
chemical weapons storage facilitie,No description
cluster munition,No description
combat aircraft,"No description | The term combat aircraft means a fixed wing or variable geometry wing aircraft armed and equipped to engage targets by employing guided missiles, unguided rockets, bombs, guns, cannons, or other weapons of destruction, as well as any model or version of such an aircraft which performs other military functions such as reconnaissance or electronic warfare. The term combat aircraft does not include primary trainer aircraft. | No description"
compositions destined exclusively for the manufacture of ammunition,No description
conventional weapon,"Conventional weapons means those systems set forth in Annex I to this Convention. Annex I is an integral part of this Convention. Annex I: The list of conventional weapons covered by this Convention is set forth below. Such list is based on the United Nations Register of Conventional Arms.In accordance with the Article I, this annex is an integral part of this Convention. Any changes to this Annex shall be adopted in conformity with the amendment procedure stipulated in Article XI.I. Battle tanksTracked or wheeled self propelled armored fighting vehicles with high cross country mobility and a high level of self protection, weighing at least 16.5 metric tons unladen weight, with a high muzzle velocity direct fire main gun of at least 75 millimeters caliber.II. Armored combat vehiclesTracked, semi tracked, or wheeled self propelled vehicles, with armored protection and cross country capability, either: (a) designed and equipped to transport a squad of four or more infantrymen, or (B) armed with an integral or organic weapon of at least 12.5 millimeters caliber or a missile launcher.III. Large caliber artillery systemsGuns, howitzers, artillery pieces combining the characteristics of a gun or a howitzer, mortars, or multiple launch rocket systems, capable of engaging surface targets by delivering primarily indirect fire, with a caliber of 100 millimeters and above.IV. Combat aircraftFixed wing or variable geometry wing aircraft designed, equipped, or modified to engage targets by employing guided missiles, unguided rockets, bombs, guns, cannons, or other weapons of destruction, including versions of these aircraft which perform specialized electronic warfare, suppression of air defense, or reconnaissance missions. The term combat aircraft does not include primary trainer aircraft, unless designed, equipped, or modified as described above.V. Attack helicoptersRotary wing aircraft designed, equipped, or modified to engage targets by employing guided or unguided anti armor, air to surface, air to subsurface, or air to air weapons and equipped with an integrated fire control and aiming system for these weapons, including versions of these aircraft which perform specialized reconnaissance or electronic warfare missions.VI. WarshipsVessels or submarines armed and equipped for military use with a standard displacement of 750 metric tons or above, and those with a standard displacement of less than 750 metric tons, equipped for launching missiles with a range of at least 25 kilometers or torpedoes with similar range.VII. Missiles and missile launchersGuided or unguided rockets, ballistic or cruise missiles capable of delivering a warhead or weapon of destruction to a range of at least 25 kilometers, and means designed or modified specifically for launching such missiles or rockets, if not covered by categories I through VI. This category:a. Also includes remotely piloted vehicles with the characteristics for missiles as defined above;b. Does not include ground to air missiles."
cruise missile,"Unmanned, self propelled, guided, weapon delivery vehicles which sustain flight through the use of aerodynamic lift over most of their flight path and which are flight tested from or deployed on aircraft, that is, air launched cruise missiles, or such vehicles which are referred to as cruise missiles in subparagraph 1(b) of Article IX. 2) All cruise missiles types capable of a range in excess of 600 kilometers( If a cruise missile has been flight tested to a range in excess of 600 kilometers, it shall be considered to be a cruise missile capable of a range in excess of 600 kilometers). 3) Cruise missiles not capable of a range in excess of 600 kilometers shall not be considered to be of a type capable of a range in excess of 600 kilometers if they are distinguishable on the basis of externally observable design features from cruise missiles of types capable of a range in excess of 600 kilometers. 4) The range of which a cruise missile is capable is the maximum distance which can be covered by the missile in its standard design mode flying until fuel exhaustion, determined by projecting its flight path onto the Earths sphere from the point of launch to the point of impact. 5) If an unmanned, self propelled, guided vehicle which sustains flight through the use of aerodynamic lift over most of its flight path has been flight tested or deployed for weapon delivery, all vehicles of that type shall be considered to be weapon delivery vehicles. 6) Unmanned, self propelled, guided vehicles which sustain flight through the use of aerodynamic lift over most of their flight path and are not weapon delivery vehicles, that is, unarmed, pilotless, guided vehicles, shall not be considered to be cruise missiles if such vehicles are distinguishable from cruise missiles on the basis of externally observable design features."
destroyer,"Surface vessels of war the standard displacement of which does not exceed 1,850 tons (1,880 metric tons), and with a gun not above 5.1 inch (130mm.) calibre. | No description"
dirigible,No description
dual-use goods and technologie,No description
early warning radar,No description | No description
explosive,"Explosives: any substance or article that is made, manufactured, or used to produce an explosion, detonation, or propulsive or pyrotechnic effect, except:a. substances and articles that are not in and of themselves explosive; orb. substances and articles listed in the Annex to this Convention."
explosive ordnance,"Conventional munitions containing explosives, with the exception of mines, booby traps and other devices as defined in Protocol II of this Convention as amended on 3 May 1996."
explosive projectile,No description
explosive reminants of war,Explosive remnants of war means unexploded ordnance and abandoned explosive ordnance.
firearm,"Firearms means any barreled weapon which will or is designed to or may be readily converted to expel a bullet or projectile by the action of an explosive, except antique firearms manufactured before the 20th Century or their replicas; orb. any other weapon or destructive device such as any explosive, incendiary or gas bomb, grenade, rocket, rocket launcher, missile, missile system, or mine."
fissile material,No description | No description | No description | No description | Nuclear Material means any source material or special fissionable material as defined in Article XX of the Statute of the International Atomic Energy Agency (IAEA) and as amended from time to time by the IAEA. | Nuclear Material means any source material or special fissionable material as defined in Article XX of the Statute of the International Atomic Energy Agency (IAEA) and as amended from time to time by the IAEA. | Radioactive Material means material that contains radionuclides above clearance or exemption levels recommended by the International Atomic Energy Agency (IAEA).
fixed icbm launcher,No description
fixed structures for rail mobile launchers of icbm,No description
former heavy bomber,"A reconnaissance airplane, tanker airplane, or jamming airplane that is not equipped for nuclear armaments or non nuclear air to surface armaments and:(a) that was initially constructed on the basis of the airframe of an existing type of heavy bomber and satisfies the requirements for conversion in accordance with the Conversion or Elimination Protocol; or(b) that has been converted from a heavy bomber in accordance with procedures provided for in the Conversion or Elimination Protocol, or in such a way that it satisfies the requirements for conversion in accordance with the Conversion or Elimination Protocol."
fortification,No description
german armed force,No description
gun cotton,No description
heavy bomber,"The term heavy bomber means a bomber of a type, any one of which satisfies either of the following criteria:(a) its range is greater than 8000 kilometers; or(b) it is equipped for long range nuclear ALCMs. | The term heavy bomber means a bomber of a type, any one of which satisfies either of the following criteria: (a) Its range is greater than 8000 kilometers; or (b) It is equipped for long range nuclear ALCMs. A bomber shall not be considered to be a heavy bomber if it meets neither criterion (a) nor criterion (b) or if otherwise agreed by the Parties. deployed heavy bomber means a heavy bomber equipped for nuclear armaments, other than a test heavy bomber or a heavy bomber located at a repair facility or at a production facility. The term non deployed heavy bomber means a test heavy bomber or a heavy bomber equipped for nuclear armaments located at a repair facility or at a production facility. | For the United States of America, bombers of the B 52 and B 1 types, and for the Union of Soviet Socialist Republics, bombers of the Tupolev 95 and Myasishchev types. 2) In the future, types of bombers which can carry out the mission of a heavy bomber in a manner similar or superior to that of bombers currently. 3) Types of bombers equipped for cruise missiles capable of a range in excess of 600 kilometers. 4) Types of bombers equipped for ASBMs (Not airplanes which otherwise would be bombers of a heavy bomber type if they have functionally related observable differences which indicate that they cannot perform the mission of a heavy bomber, airplanes which otherwise would be bombers of a type equipped for cruise missiles capable of a range in excess of 600 kilometers if they have functionally related observable differences which indicate that they cannot perform the mission of a bomber equipped for cruise missiles capable of a range in excess of 600 kilometers ( except that heavy bombers of current types, as designated in subparagraph 3(a) of Article II of the Treaty, which otherwise would be of a type equipped for cruise missiles capable of a range in excess of 600 kilometers shall not be considered to be heavy bombers of a type equipped for cruise missiles capable of a range in excess of 600 kilometers if they are distinguishable on the basis of externally observable differences from heavy bombers of a type equipped for cruise missiles capable of a range in excess of 600 kilometers; and), airplanes which otherwise would be bombers of a type equipped for ASBMs if they have functionally related observable differences which indicate that they cannot perform the mission of a bomber equipped for ASBMs(except that heavy bombers of current types, as designated in subparagraph 3(a) of Article II of the Treaty, which otherwise would be of a type equipped for ASBMs shall not be considered to be heavy bombers of a type equipped for ASBMs if they are distinguishable on the basis of externally observable differences from heavy bombers of a type equipped for ASBMs)). 3) Functionally related observable differences are differences in the observable features of airplanes which indicate whether or not these airplanes can perform the mission of a heavy bomber, or whether or not they can perform the mission of a bomber equipped for cruise missiles capable of a range in excess of 600 kilometers or whether or not they can perform the mission of a bomber equipped for ASBMs. 5. Tupolev 142 airplanes in their current configuration, that is, in the configuration for anti submarine warfare, are considered to be airplanes of a type different from types of heavy bombers referred to in subparagraph 3(a) of Article II of the Treaty and not subject to the Fourth Agreed Statement to paragraph 3 of Article II of the Treaty. This Agreed Statement does not preclude improvement of Tupolev 142 airplanes as an anti submarine system, and does not prejudice or set a precedent for designation in the future of types of airplanes as heavy bombers pursuant to subparagraph 3(b) of Article II of the Treaty or for application of the Fourth Agreed Statement to paragraph 3 of Article II of the Treaty to such airplanes. 6. Heavy bombers of the types designated by the United States of America as the B 52 and the B 1 are known to the Union of Soviet Socialist Republics by the same designations; Heavy bombers of the type designated by the Union of Soviet Socialist Republics as the Tupolev 95 are known to the United States of America as heavy bombers of the Bear type; and Heavy bombers of the type designated by the Union of Soviet Socialist Republics as the Myasishchev are known to the United States of America as heavy bombers of the Bison type. | A bomber of a type, any one of which satisfies either of the following criteria: 1) its range is greater than 8000 kilometers; or 2) it is equipped for long range nuclear ALCMs. A bomber shall not be considered to be a heavy bomber if it meets neither criterion (1) nor criterion (2), or if otherwise agreed. A bomber shall not be considered to be a heavy bomber if it is not equipped for long range nuclear ALCMs, if it is not a model or modification of an accountable heavy bomber, and if it is tested, equipped, and configured exclusively for maritime operations. For the purposes of this definition, the term modification of an accountable heavy bomber is understood to mean an airplane having a design essentially identical to the design of an accountable heavy bomber.A bomber of a type, any one of which has an integrated platform area in excess of 310 square meters, but that is not declared by a Party as a heavy bomber, shall be considered to be a heavy bomber unless the deploying Party provides the Joint Compliance and Inspection Commission with information demonstrating to the satisfaction of the other Party that this bomber does not meet the criterion provided for in subparagraph (a) and does not meet the criterion provided for in subparagraph (b). Heavy bombers of the Parties of the types existing as of the date of signature of the Treaty are specified in Article III of the Treaty."
heavy bomber aircraft,No description
heavy bomber nuclear armaments/warhead,"The term warhead means a unit of account used forcounting toward the 1550 aggregate limit as applied todeployed ICBMs, deployed SLBMs, and deployed heavy bombers."
heavy bombers equipped for non-nuclear armament,No description
heavy bombers equipped for nuclear armaments other than long-range nuclear alcm,No description
heavy cruiser,"Surface vessels of war, other than capital ships or aircraft carriers, the standard displacement of which exceeds 1,850 tons (1,880 metric tons), or with a gun above 5.1 inch (130 mm.) calibre. Heavy cruiser specifically has guns of more than 6.1 inch (155 mm.) calibre."
heavy icbm,"The term heavy ICBM means an ICBM of a type, any one of which has a launch weight greater than 106,000 kilograms or a throw weight greater than 4350 kilograms. | An ICBM of a type, any one of which has a launch weight greater than 106,000 kilograms or a throw weight greater than 4350 kilograms."
heavy icbm launcher,"ICBM launcher means a device intended or used to contain, prepare for launch, and launch an ICBM. "
heavy machine gun,No description
heavy slbm,"A SLBM of a type, any one of which has a launch weight greater than 106,000 kilograms or a throw weight greater than 4350 kilograms."
high-priced arm,No description
high-priced arms ammunition,No description
icbm,"No description | The term intercontinental ballistic missile (ICBM) means a land based ballistic missile with a range in excess of 5,500 kilometers | The term deployed ICBM means an ICBM that is contained in or on a deployed launcher of ICBMs. The term intercontinental ballistic missile or ICBM means a land based ballistic missile with a range in excess of 5500 kilometers. The term non deployed ICBM means an ICBM not contained in a deployed launcher of ICBMs or on a deployed launcher of ICBMs. | ICBMs which have a launch weight greater or a throw weight greater than that of the heaviest, in terms of either launch weight or throw weight, respectively, of the light ICBMs deployed by either Party as of the date of signature of this Treaty(The launch weight of an ICBM is the weight of the fully loaded missile itself at the time of launch). 2) The throw weight of an ICBM is the sum of the weight of:(a) its reentry vehicle or reentry vehicles;(b) any self contained dispensing mechanisms or other appropriate devices for targeting one reentry vehicle, or for releasing or for dispensing and targeting two or more reentry vehicles; and (c) its penetration aids, including devices for their release. 3) The term other appropriate devices, as used in the definition of the throw weight of an ICBM in the Second Agreed Statement to paragraph 7 of Article II of the Treaty, means any devices for dispensing and targeting two or more reentry vehicles; and any devices for releasing two or more reentry vehicles or for targeting one reentry vehicle, which cannot provide their reentry vehicles or reentry vehicle with additional velocity of more than 1,000 meters per second. | No description"
icbm equipped with mirv,No description
icbm launcher,"No description | No description | ICBM launcher means a device intended or used to contain, prepare for launch, and launch an ICBM, deployed launcher of ICBMs means an ICBM launcher that contains an ICBM and is not an ICBM test launcher, an ICBM training launcher, or an ICBM launcher located at a space launch facility, non deployed launcher of ICBMs means an ICBM test launcher, an ICBM training launcher, an ICBM launcher located at a space launch facility, or an ICBM launcher, other than a soft site launcher, that does not contain a deployed ICBM, test launcher means an ICBM launcher or an SLBM launcher located within a test range. | Land based launchers of ballistic missiles capable of a range in excess of the shortest distance between the northeastern border of the continental part of the territory of the United States of America and the northwestern border of the continental part of the territory of the Union of Soviet Socialist Republics, that is, a range in excess of 5,500 kilometers. 2) All launchers which have been developed and tested for launching ICBMs. If a launcher has been developed and tested for launching an ICBM(If a launcher contains or launches an ICBM, that launcher shall be considered to have been developed and tested for launching ICBMs). 3) If a launcher has been developed and tested for launching an ICBM, all launchers of that type, except for ICBM test and training launchers, shall be included in the aggregate numbers of strategic offensive arms provided for in Article III of the Treaty, pursuant to the provisions of Article VI of the Treaty. 4) The one hundred and seventy seven former Atlas and Titan I ICBM launchers of the United States of America, which are no longer operational and are partially dismantled, shall not be considered as subject to the limitations provided for in the Treaty.  | 1) Any silo launcher of ICBMs other than a silo test launcher, a silo training launcher, or a silo launcher located at a space launch facility. 2) Any deployed mobile launcher of ICBMs."
icbm silo launcher,No description
icbm test/training launcher,No description
icbm warhead,"The term warhead means a unit of account used forcounting toward the 1550 aggregate limit as applied todeployed ICBMs, deployed SLBMs, and deployed heavy bombers."
icbms equipped with mirv,"ICBMs and SLBMs of the types which have been flight tested with two or more independently targetable reentry vehicles, regardless of whether or not they have also been flight tested with a single reentry vehicle or with multiple reentry vehicles which are not independently targetable. As of the date of signature of the Treaty, such ICBMs and SLBMs are: for the United States of America, Minuteman III ICBMs, Poseidon C 3 SLBMs, and Trident C 4 SLBMs; and for the Union of Soviet Socialist Republics, RS 16, RS 18, RS 20 ICBMs and RSM 50 SLBMs. 2) Missiles of the types designated by the United States of America as the Poseidon C 3 and known to the Union of Soviet Socialist Republics by the same designation, an SLBM that was first flight tested in 1968 and that has been flight tested with multiple independently targetable reentry vehicles; Missiles of the type designated by the United States of America as the Trident C 4 and known to the Union of Soviet Socialist Republics by the same designation, an SLBM that was first flight tested in 1977 and that has been flight tested with multiple independently targetable reentry vehicles;Missiles of the type designated by the Union of Soviet Socialist Republics as the RS 16 and known to the United States of America as the SS 17, a light ICBM that has been flight tested with a single reentry vehicle and with multiple independently targetable reentry vehicles;Missiles of the type designated by the Union of Soviet Socialist Republics as the RS 18 and known to the United States of America as the SS 19, the heaviest in terms of launch weight and throw weight of light ICBMs, which has been flight tested with a single reentry vehicle and with multiple independently targetable reentry vehicles; Missiles of the type designated by the Union of Soviet Socialist Republics as the RS 20 and known to the United States of America as the SS 18, the heaviest in terms of launch weight and throw weight of heavy ICBMs, which has been flight tested with a single reentry vehicle and with multiple independently targetable reentry vehicles; Missiles of the type designated by the Union of Soviet Socialist Republics as the RSM 50 and known to the United States of America as the SS N 18, an SLBM that has been flight tested with a single reentry vehicle and with multiple independently targetable reentry vehicles. Missiles of the type designated by the United States of America as the Minuteman III and known to the Union of Soviet Socialist Republics by the same designation, a light ICBM that has been flight tested with multiple independently targetable reentry vehicles. 3) Reentry vehicles are independently targetable: if maneuvering and targeting of the reentry vehicles to separate aim points along trajectories which are unrelated to each other are accomplished by means of other devices which may be developed in the future. if, after separation from the booster, maneuvering and targeting of the reentry vehicles to separate aim points along trajectories which are unrelated to each other are accomplished by means of devices which are installed in a self contained dispensing mechanism or on the reentry vehicles, and which are based on the use of electronic or other computers in combination with devices using jet engines, including rocket engines, or aerodynamic systems;"
icbms for mobile launchers of icbm,"An ICBM of a type, any one of which has been contained on, or flight tested from, a mobile launcher of ICBMs, or has been declared an ICBM for mobile launchers of ICBMs."
icbms of a retired or former type,No description
incendiary weapon,"Any weapon or munition which is primarily designed to set fire to objects or to cause burn injury to persons through the action of flame, heat, or a combination thereof, produced by a chemical reaction of a substance delivered on the target. (a) Incendiary weapons can take the form of, for example, flame throwers, fougasses, shells, rockets, grenades, mines, bombs and other containers of incendiary substances.  (b) Incendiary weapons do not include:   (i) Munitions which may have incidental incendiary effects, such as illuminants, tracers, smoke or signalling systems;   (ii) Munitions designed to combine penetration, blast or fragmentation effects with an additional incendiary effect, such as armour piercing projectiles, fragmentation shells, explosive bombs and similar combined effects munitions in which the incendiary effect is not specifically designed to cause burn injury to persons, but to be used against military objectives, such as armoured vehicles, aircraft and installations or facilities."
instruments for use on aircraft (incl. wireless apparatus and photographic or cinematographic apparatus),No description
intermediate-range missile,No description
intermediate-range missile launcher,No description
irm support equipment,No description
irm support structure,No description
large calibre artillery system,No description
laser,No description
laser weapon,"Laser weapons specifically designed to cause permanent blindness to unenhanced vision, that is to the naked eye or to the eye with corrective eyesight devices. For the purpose of this Protocol permanent blindness means irreversible and uncorrectable loss of vision which is seriously disabling with no prospect of recovery. Serious disability is equivalent to visual acuity of less than 20/200 Snellen measured using both eyes."
launchers for icbms equipped with mirv,"Launchers of the types developed and tested for launching ICBMs or SLBMs equipped with MIRVs. 2) All types of launchers developed and tested for launching an ICBM equipped with MIRVs (If a launcher contains or launches an ICBM or an SLBM equipped with MIRVs, that launcher shall be considered to have been developed and tested for launching ICBMs or SLBMs equipped with MIRVs.) 3) If a launcher has been developed and tested for launching an ICBM or an SLBM equipped with MIRVs, all launchers of that type, except for ICBM and SLBM test and training launchers, shall be included in the corresponding aggregate numbers provided for in Article V of the Treaty, pursuant to the provisions of Article VI of the Treaty. 4.all ICBM launchers in the Derazhnya and Pervomaysk areas in the Union of Soviet Socialist Republics are included in the aggregate numbers provided for in Article V of the Treaty."
launchers for icbms of older types deployed prior to 1964,No description
launchers for light icbm,No description
launchers for slbms equipped with mirv,"Launchers of the types developed and tested for launching ICBMs or SLBMs equipped with MIRVs. 2) All types of launchers developed and tested for launching an SLBM equipped with MIRVs (If a launcher contains or launches an ICBM or an SLBM equipped with MIRVs, that launcher shall be considered to have been developed and tested for launching ICBMs or SLBMs equipped with MIRVs.) 3) If a launcher has been developed and tested for launching an ICBM or an SLBM equipped with MIRVs, all launchers of that type, except for ICBM and SLBM test and training launchers, shall be included in the corresponding aggregate numbers provided for in Article V of the Treaty, pursuant to the provisions of Article VI of the Treaty. 4.all ICBM launchers in the Derazhnya and Pervomaysk areas in the Union of Soviet Socialist Republics are included in the aggregate numbers provided for in Article V of the Treaty."
launchers of ballistic missile,A missile that is a weapon delivery vehicle that has a ballistic trajectory over most of its flight path.
launchers of heavy slbm,No description
launchers of light icbms (or icbms of older types deployed prior to 1964),No description
light cruiser,"Surface vessels of war, other than capital ships or aircraft carriers, the standard displacement of which exceeds 1,850 tons (1,880 metric tons), or with a gun above 5.1 inch (130 mm.) calibre. Light cruiser specifically has guns of 6.1 inch (155 mm.) calibre or less. | No description"
light machine gun,No description
light surface vessel,"Light surface vessels are surface vessels of war other than aircraft carriers, minor war vessels or auxiliary vessels, the standard displacement of which exceeds 100 tons (102 metric tons) and does not exceed 10,000 tons (10,160 metric tons), and which do not carry a gun with a calibre exceeding 8 in. (203 mm.).The category of light surface vessels is divided into three sub categories as follows:(a) Vessels which carry a gun with a calibre exceeding 6.1 in. (155 mm.);(b) Vessels which do not carry a gun with a calibre exceeding 6.1 in. (155 mm.) and the standard displacement of which exceeds 3,000 tons (3,048 metric tons);(c) Vessels which do not carry a gun with a calibre exceeding 6.1 in. (155 mm.) and the standard displacement of which does not exceed 3,000 tons (3,048 metric tons)."
light trench mortar,No description
long-range nuclear alcm,No description
medium trench mortar,No description
merchant ship,No description | No description
microbial/other biological agent,No description
mine,"Any munition placed under, on or near the ground or other surface area and designed to be detonated or exploded by the presence, proximity or contact of a person or vehicle, and remotely delivered mine means any mine so defined delivered by artillery, rocket, mortar or similar means or dropped from an aircraft. | A munition placed under, on or near the ground orother surface area and designed to be exploded by the presence, proximity or contact of a person or vehicle."
mines other than remotely delivered mine,"Any munition placed under, on or near the ground or other surface area and designed to be detonated or exploded by the presence, proximity or contact of a person or vehicle"
minesweeping vessel,No description
missiles and missile launcher,No description
mobile launchers of heavy icbm,No description
mobile launchers of prototype icbm,"Definition for mobile launcher in Item B. Prototype means, for ICBMs or SLBMs, an ICBM or SLBM of a new type, no more than 20 missiles of which have been launched, and no launchers of missiles of which have been deployed."
nacelles and fuselage,No description
naval vessel,No description | No description
navy,No description
new types of icbm,"Types of ICBMs not flight tested as of May 1, 1979. 2. Any ICBM which is different from those ICBMs flight tested as of May 1, 1979 in any one or more of the following respects: (a) the number of stages, the length, the largest diameter, the launch weight, or the throw weight, of the missile; (b) the type of propellant (that is, liquid or solid) of any of its stages (the term different, referring to the length, the diameter, the launch weight, and the throw weight of the missile, means a difference in excess of five percent). "
nitroglycerin,No description
non-abm missiles launchers and radar,No description | No description
non-abm system,No description
non-icbm land-based ballistic missile launcher,No description
nuclear explosive device,"Nuclear Explosive Device means any nuclear weapon or other explosive device capable of releasing nuclear energy, irrespective of the purpose for which it could be used. The term includes such a weapon or device in unassembled and partly assembled forms, but does not include the means of transport or delivery of such a weapon or device if separable from and not an indivisible part of it."
nuclear explosive devise,"Nuclear Explosive Device means any nuclear weapon or other explosive device capable of releasing nuclear energy, irrespective of the purpose for which it could be used. The term includes such a weapon or device in unassembled and partly assembled forms, but does not include the means of transport or delivery of such a weapon or device if separable from and not an indivisible part of it. | Nuclear Explosive Device means any nuclear weapon or other explosive device capable of releasing nuclear energy, irrespective of the purpose for which it could be used. The term includes such a weapon or device in unassembled and partly assembled forms, but does not include the means of transport or delivery of such a weapon or device if separable from and not an indivisible part of it. | Nuclear Explosive Device means any nuclear weapon or other explosive device capable of releasing nuclear energy, irrespective of the purpose for which it could be used. The term includes such a weapon or device in unassembled and partly assembled forms, but does not include the means of transport or delivery of such a weapon or device if separable from and not an indivisible part of it. | Nuclear Explosive Device means any nuclear weapon or other explosive device capable of releasing nuclear energy, irrespective of the purpose for which it could be used. The term includes such a weapon or device in unassembled and partly assembled forms, but does not include the means of transport or delivery of such a weapon or device if separable from and not an indivisible part of it. | Nuclear Explosive Device means any nuclear weapon or other explosive device capable of releasing nuclear energy, irrespective of the purpose for which it could be used. The term includes such a weapon or device in unassembled and partly assembled forms, but does not include the means of transport or delivery of such a weapon or device if separable from and not an indivisible part of it. | Nuclear Explosive Device means any nuclear weapon or other explosive device capable of releasing nuclear energy, irrespective of the purpose for which it could be used. The term includes such a weapon or device in unassembled and partly assembled forms, but does not include the means of transport or delivery of such a weapon or device if separable from and not an indivisible part of it. | Nuclear Explosive Device means any nuclear weapon or other explosive device capable of releasing nuclear energy, irrespective of the purpose for which it could be used. The term includes such a weapon or device in unassembled and partly assembled forms, but does not include the means of transport or delivery of such a weapon or device if separable from and not an indivisible part of it;"
nuclear material,No description | No description | No description | No description
nuclear test explosion,No description
nuclear weapon,"No description | No description | A nuclear weapon is any device which is capable of releasing nuclear energy in an uncontrolled manner and which has a group of characteristics that are appropriate for use for warlike purposes. An instrument that may be used for the transport or propulsion of the device is not included in this definition if it is separable from the device and not an indivisible part thereof. | No description | No description | No description | Nuclear Weapons means any explosive device capable of releasing nuclear energy in an uncontrolled manner but does not include the means of transport or delivery of such device if separable from and not an indivisible part thereof. | No description | No description | No description | Nuclear Weapon or other Nuclear Explosive Devices means any weapon or other explosive device capable of releasing nuclear energy, irrespective of the military or civilian purpose for which the weapon or device could be used. The term includes such a weapon or device in unassembled or partly assembled forms, but does not include the means of transport or delivery of such a weapon or device if separable from and not an indivisible part of it. | Nuclear Weapons or other Nuclear Explosive Devices means any weapon or other explosive device capable of releasing nuclear energy, irrespective of the military or civilian purpose for which the weapon or device could be used. The term includes such a weapon or device in unassembled or partly assembled forms, but does not include the means of transport or delivery of such a weapon or device if separable from and not an indivisible part of it. | Nuclear Weapon means any explosive device capable of releasing nuclear energy in an uncontrolled manner but does not include the means of transport or delivery of such device if separable from and not an indivisible part thereof. | No description | No description | No description | No description | No description | No description"
objects carrying nuclear weapon,No description | No description
other devise,"Manually emplaced munitions and devices designed to kill, injure or damage and which are actuated by remote control or automatically after a lapse of time. | Manually emplaced munitions and devices including improvised explosivedevices designed to kill, injure or damage and which are actuated manually, by remote control or automatically after a lapse of time."
other warship,No description
other weapons of mass destruction,No description
parts and component,No description
parts of gun,No description
personel/equipment of armed force,No description
phased array radars(3m+),No description
phased array radars(3m-),No description
powder,No description
prototype icbm,"The term prototype means, for ICBMs or SLBMs, an ICBM or SLBM of a new type, no more than 20 missiles of which have been launched, and no launchers of missiles of which have been deployed."
prototype slbm,"The term prototype means, for ICBMs or SLBMs, an ICBM or SLBM of a new type, no more than 20 missiles of which have been launched, and no launchers of missiles of which have been deployed."
radioactive waste,No description | No description | No description | No description | No description | Radioactive Wastes means material that contains or is contaminated with radionuclides at concentrations or activities greater than clearance levels recommended by the IAEA and for which no use is foreseen.
rail mobile launchers of icbm,An erector launcher mechanism for launching ICBMs and the railcar or flatcar on which it is mounted.
rapid reload system,No description
related material,"Other related materials: any component, part, or replacement part of a firearm, or an accessory which can be attached to a firearm."
remotely delivered mine,No description
rifle,No description
rounds for 10.5 gun,No description
rounds for 7.7 gun,No description
rounds for light and heavy machine gun,No description
rounds for light trench mortar,No description
rounds for medium trench mortar,No description
rounds for rifles and carbine,No description
saltpeter,No description
schedule 1 chemical,"The following criteria shall be taken into account in considering whether a toxicchemical or precursor should be included in Schedule 1:(a) It has been developed, produced, stockpiled or used as a chemical weapon asdefined in Article II;(b) It poses otherwise a high risk to the object and purpose of this Convention byvirtue of its high potential for use in activities prohibited under thisConvention because one or more of the following conditions are met:(i) It possesses a chemical structure closely related to that of other toxicchemicals listed in Schedule 1, and has, or can be expected to have,comparable properties;(ii) It possesses such lethal or incapacitating toxicity as well as otherproperties that would enable it to be used as a chemical weapon;(iii) It may be used as a precursor in the final single technological stage ofproduction of a toxic chemical listed in Schedule 1, regardless ofwhether this stage takes place in facilities, in munitions or elsewhere;(c) It has little or no use for purposes not prohibited under this Convention."
schedule 2 chemical,"The following criteria shall be taken into account in considering whether a toxicchemical not listed in Schedule 1 or a precursor to a Schedule 1 chemical or to achemical listed in Schedule 2, part A, should be included in Schedule 2:(a) It poses a significant risk to the object and purpose of this Convention becauseit possesses such lethal or incapacitating toxicity as well as other propertiesthat could enable it to be used as a chemical weapon;(b) It may be used as a precursor in one of the chemical reactions at the final stageof formation of a chemical listed in Schedule 1 or Schedule 2, part A;(c) It poses a significant risk to the object and purpose of this Convention byvirtue of its importance in the production of a chemical listed in Schedule 1 orSchedule 2, part A;(d) It is not produced in large commercial quantities for purposes not prohibitedunder this Convention."
schedule 3 chemical,"The following criteria shall be taken into account in considering whether a toxicchemical or precursor, not listed in other Schedules, should be included in Schedule3:(a) It has been produced, stockpiled or used as a chemical weapon;(b) It poses otherwise a risk to the object and purpose of this Convention becauseit possesses such lethal or incapacitating toxicity as well as other propertiesthat might enable it to be used as a chemical weapon;(c) It poses a risk to the object and purpose of this Convention by virtue of itsimportance in the production of one or more chemicals listed in Schedule 1 orSchedule 2, part B;(d) It may be produced in large commercial quantities for purposes not prohibitedunder this Convention."
ship,"Naval auxiliaries of the Parties, which include all naval ships authorized to fly the naval auxiliary flag where such a flag has been established by either Party. | Ship means Naval auxiliaries of the Parties, which include all naval ships authorized to fly the naval auxiliary flag where such a flag has been established by either Party."
shorter-range missile,No description
shorter-range missile launcher,No description
silo launchers of heavy icbm,No description
silo launchers of icbm,A fixed launcher of ICBMs in a silo structure located in the ground.
silo training launcher,The term silo launcher of ICBMs means an ICBM launcher in a silo structure located in the ground. The term silo training launcher means a fullscale silo launcher of ICBMs specified for training purposes.
silos used as a launch control center,"A silo, other than a silo launcher of ICBMs, that is located at an ICBM base and that is used to control the launch of an ICBM."
slbm,"No description | The term submarine launched ballistic missile (SLBM) means a ballistic missile with a range in excess of 600 kilometers of a type, any one of which has been contained in or launched from a submarine. | The term deployed SLBM means an SLBM that is contained in a deployed launcher of SLBMs. The term non deployed SLBM means an SLBM not contained in a deployed launcher of SLBMs. The term submarine launched ballistic missile or SLBM means a ballistic missile with a range in excess of 600 kilometers of a type, any one of which has been contained in, or launched from, a submarine. | No description"
slbm equipped with mirv,No description
slbm launcher,"No description | The term 'SLBM launcher means a device intended or used to contain, prepare for launch, and launch an SLBM. The term deployed launcher of SLBMs means an SLBM launcher installed on a submarine that has been launched, that contains an SLBM, and is not intended for testing or training. The term non deployed launcher of SLBMs means an SLBM launcher, other than a soft site launcher, that is intended for testing or training, or an SLBM launcher that does not contain a deployed SLBM. | Launchers of ballistic missiles installed on any nuclear powered submarine or launchers of modern ballistic missiles installed on any submarine, regardless of its type. 2) For the United States of America, missiles installed in all nuclear powered submarines; for the Union of Soviet Socialist Republics, missiles of the type installed in nuclear powered submarines made operational since 1965; and for both Parties, submarine launched ballistic missiles first flight tested since 1965 and installed in any submarine, regardless of its type. | A device intended or used to contain, prepare for launch, and launch an SLBM."
slbm test/training launcher,No description
slbm warhead,"The term warhead means a unit of account used forcounting toward the 1550 aggregate limit as applied todeployed ICBMs, deployed SLBMs, and deployed heavy bombers."
slbms of a retired or former type,No description
small arms and light weapon,"No description | Firearms means any portable barrelled weapon that expels, is designed to expel or may be readily converted to expel a shot, bullet or projectile by the action of an explosive, excluding antique firearms or their replicas. Antique firearms and their replicas shall be defined in accordance with domestic law. In no case, however, shall antique firearms include firearms manufactured after 1899, or any other weapon or destructive device such as an explosive bomb, incendiary bomb or gas bomb, grenade, rocket launcher, missile, missile system or mine. | No description | No description | No description | No description"
soft site launcher,Any land based fixed launcher of ICBMs or SLBMs other than a silo launcher..
space launch vehicle,No description
space-based interseptor missiles other than strategic ballistic missile,No description
sporting arm,No description
sporting arms ammunition,No description
srm support equipment,No description
strategic nuclear warhead,No description
strategic offensive arm,No description | No description
submarine,No description | No description | Submarines are all vessels designed to operate below the surface of the sea.
submarines (and related vessels and docks),No description
surface vessel,No description
systems for placing nuclear weapons into earth orbit,No description
systems for rapid reload of icbm launcher,No description
test heavy bomber,No description | No description
test launcher,"An ICBM launcher or an SLBM launcher located within a test range, unless otherwise provided for in the Treaty."
test launchers of icbm," The term ""test launcher1' means an ICBM launcher or  an SLBM launcher located within a test range. "
test launchers of slbm,No description
theater missile defence system,No description
torpedo boat,No description
toxin,No description
training heavy bomber,"A heavy bomber used for training that is not equipped for nuclear armaments or non nuclear air to surface armaments, and that satisfies the requirements for conversion in accordance with the Protocol on Conversion or Elimination."
transporter loader,"A vehicle that is capable of transporting an assembled ICBM for mobile launchers of ICBMs and from which such an ICBM can be loaded directly onto a mobile launcher of ICBMs, or onto which such an ICBM can be unloaded directly from a mobile launcher of ICBMs, outside facilities where non deployed ICBMs may be located."
vessels of war,No description
vessels of war other than a captial ship or arcraft carrier,No description
warheads attributed to deployed heavy bomber,No description
warheads attributed to deployed icbms and deployed slbm,No description
warheads attributed to deployed icbms on mobile launchers of icbm,No description
warheads attributed to heavy bomber,No description
warheads attributed to icbm,No description
warheads attributed to slbm,No description
warship,No description
weapons and equipment and means of delivery for agreement-restricted toxins and agent,No description
weapons general,No description | No description | No description | No description | No description | No description | No description | No description | No description
weapons of mass destruction,No description | No description
weapons with the primary effect to injure by non-detectable fragment,No description
